{"id":"p5snk4qie3mcc1iph9w6g8y38uumcvqt","name":"input_file","type":"Document","x":0,"y":0,"width":1600,"height":1600,"resolution":72,"visible":true,"color":null,"image":"assets\/ojuw1jdda4e8chly4e0c2axhuxp1fc9o.jpg","contents":null,"font":null,"layers":[{"id":55,"name":"Graphic","type":"Folder","opacity":100,"x":160,"y":22,"width":1343,"height":1578,"visible":true,"styles":{"blendOptions":{"mode":"passThrough"}},"color":null,"image":null,"contents":null,"font":null,"layers":[{"id":45,"name":"Graphic Indicators","type":"Folder","opacity":30.1960784313726,"x":146.562,"y":256,"width":1230,"height":1062,"visible":false,"styles":{"blendOptions":{"opacity":30,"mode":"passThrough"}},"color":null,"image":null,"contents":null,"font":null,"layers":[{"id":50,"name":"Visual Center","type":"Shape","opacity":100,"fill":100,"x":811.094,"y":769.25,"width":63,"height":63,"visible":false,"styles":{"blendOptions":{}},"color":null,"image":"assets\/6hi6svyorriwrakrwgqu5h3f728hc9hf.svg","contents":null,"font":null,"layers":[],"smartObject":null,"smartFilters":null},{"id":47,"name":"Focus Area","type":"Shape","opacity":100,"fill":100,"x":146.562,"y":256,"width":1230,"height":1062,"visible":false,"styles":{"blendOptions":{}},"color":null,"image":"assets\/o6u5x1exrbc244u6y3t2c2lbvug8eqgi.svg","contents":null,"font":null,"layers":[],"smartObject":null,"smartFilters":null}],"smartObject":null,"smartFilters":null},{"id":34,"name":"White","type":"Folder","opacity":100,"x":161,"y":112,"width":1061,"height":1389,"visible":true,"styles":{"blendOptions":{"mode":"passThrough"}},"color":null,"image":null,"contents":null,"font":null,"layers":[{"id":190,"name":"White copy","type":"Graphic","opacity":100,"fill":100,"x":343,"y":180,"width":852,"height":1319,"visible":true,"styles":{"blendOptions":{}},"color":null,"image":"assets\/467w1kuvq7f4ghnrsbdzia0q94wm2k52.png","contents":null,"font":null,"layers":[],"smartObject":null,"smartFilters":null},{"id":187,"name":"Layer 47","type":"Graphic","opacity":100,"fill":100,"x":416,"y":442,"width":680,"height":627,"visible":true,"styles":{"blendOptions":{}},"color":null,"image":"assets\/a131kyupjg40sb2q8lmsab775zz4y4io.png","contents":null,"font":null,"layers":[],"smartObject":null,"smartFilters":null},{"id":173,"name":"Layer 43","type":"Graphic","opacity":100,"fill":100,"x":362,"y":413,"width":582,"height":724,"visible":true,"styles":{"blendOptions":{}},"color":null,"image":"assets\/8fp4bvl2xlqqv40mjhingftfr4m616zm.png","contents":null,"font":null,"layers":[],"smartObject":null,"smartFilters":null},{"id":160,"name":"Layer 42","type":"Graphic","opacity":100,"fill":100,"x":161,"y":112,"width":1061,"height":1389,"visible":true,"styles":{"blendOptions":{}},"color":null,"image":"assets\/zu35icxyx0oda9lzxcw0ozpt7qd86hh6.png","contents":null,"font":null,"layers":[],"smartObject":null,"smartFilters":null}],"smartObject":null,"smartFilters":null},{"id":36,"name":"Accent","type":"Folder","opacity":100,"x":161,"y":22,"width":1328,"height":1578,"visible":true,"styles":{"blendOptions":{"mode":"screen"},"layerEffects":{"scale":100,"solidFill":{"enabled":true,"present":true,"showInDialog":true,"mode":"screen","color":{"red":0.00389105058275,"green":241.000000834465,"blue":170.108952820301},"opacity":100}}},"color":"#00F1AA","image":null,"contents":null,"font":null,"layers":[{"id":184,"name":"Accent copy","type":"Graphic","opacity":100,"fill":100,"x":161,"y":22,"width":1328,"height":1578,"visible":true,"styles":{"blendOptions":{}},"color":null,"image":"assets\/93w9tkpz68m3sqm30bcpm4x3q2x1lr3x.png","contents":null,"font":null,"layers":[],"smartObject":null,"smartFilters":null}],"smartObject":null,"smartFilters":null},{"id":41,"name":"Lights","type":"Folder","opacity":100,"x":343,"y":180,"width":850,"height":1319,"visible":true,"styles":{"blendOptions":{"mode":"passThrough"},"layerEffects":{"scale":100,"solidFill":{"enabled":true,"present":true,"showInDialog":true,"mode":"screen","color":{"red":147.000006437302,"green":147.000006437302,"blue":147.000006437302},"opacity":100}}},"color":"#939393","image":null,"contents":null,"font":null,"layers":[{"id":144,"name":"White","type":"Graphic","opacity":100,"fill":100,"x":343,"y":180,"width":850,"height":1319,"visible":true,"styles":{"blendOptions":{}},"color":null,"image":"assets\/yxqjhapn7rgc216mrturha4q7f86k2nf.png","contents":null,"font":null,"layers":[],"smartObject":null,"smartFilters":null}],"smartObject":null,"smartFilters":null},{"id":39,"name":"Main","type":"Folder","opacity":100,"x":160,"y":100,"width":1060,"height":1394,"visible":true,"styles":{"blendOptions":{"mode":"screen"},"layerEffects":{"scale":100,"solidFill":{"enabled":true,"present":true,"showInDialog":true,"mode":"screen","color":{"red":124.000000208616,"green":124.000000208616,"blue":124.000000208616},"opacity":100}}},"color":"#7C7C7C","image":null,"contents":null,"font":null,"layers":[{"id":141,"name":"Main","type":"Graphic","opacity":100,"fill":100,"x":160,"y":100,"width":1060,"height":1394,"visible":true,"styles":{"blendOptions":{}},"color":null,"image":"assets\/pv46502nj2q8v2f15j9v8uz1zkdq89at.png","contents":null,"font":null,"layers":[],"smartObject":null,"smartFilters":null}],"smartObject":null,"smartFilters":null},{"id":43,"name":"Shadow","type":"Folder","opacity":100,"x":0,"y":0,"width":0,"height":0,"visible":true,"styles":{"blendOptions":{"mode":"screen"},"layerEffects":{"scale":100,"solidFill":{"enabled":true,"present":true,"showInDialog":true,"mode":"normal","color":{"red":0,"green":0,"blue":0},"opacity":100}}},"color":"#000000","image":null,"contents":null,"font":null,"layers":[],"smartObject":null,"smartFilters":null}],"smartObject":null,"smartFilters":null},{"id":193,"name":"_system.square_checkered_layer","type":"Unknown","opacity":100,"fill":100,"x":0,"y":0,"width":1600,"height":1600,"visible":true,"styles":{"blendOptions":{}},"color":null,"image":null,"contents":null,"font":null,"layers":[],"smartObject":null,"smartFilters":null}],"smartObject":null}